"product_name";"product_brand";"product_package_has";"product_macro_for";"product_kcal";"product_protein";"product_fat";"product_carbs";"comment_optional"
" Czekolada deserowa z nadzieniem o smaku malinowym";"Allegro";100.0;100.0;454.0;3.2;21.0;62.0;"Link: https://pl.openfoodfacts.org/product/5907443601823/czekolada-deserowa-z-nadzieniem-o-smaku-malinowym-allegro"
" Kubuś - jabłko, banan, brzoskwinia , marchew ";"Kubuś";850.0;100.0;57.0;0.4;0.2;13.1;"Link: https://kubus.pl/produkt/kubus-banan-jablko-brzoskwnia-850/"
"7 Days Cake - czekoladowe";"7 Days";32.0;100.0;449.0;6.0;20.0;60.0;""
"7 Days Cake - wanilia";"7 Days";32.0;100.0;449.0;6.0;20.0;60.0;""
"7 Days Cream & Cookies";"7 Days";60.0;100.0;485.0;6.0;30.0;47.0;""
"7 Days Cream & Cookies Super Max";"7 Days";110.0;100.0;489.0;6.0;30.0;48.0;""
"7 Days Double czekolada i kokos";"7 Days";110.0;100.0;452.0;6.0;28.0;43.0;""
"7 Days Double czekolada i wanilia";"7 Days";110.0;100.0;447.0;6.0;28.0;42.0;""
"7 Days Max czekoladowy";"7 Days";85.0;100.0;374.0;5.1;23.8;34.85;""
"7 Days Max wanilia";"7 Days";110.0;100.0;447.0;6.0;28.0;42.0;""
"7 Days z nadzieniem kakaowym";"7 Days";60.0;100.0;452.0;7.0;28.0;42.0;""
"7 Up";"Pepsi Cola General Bottlers Poland Sp. z o.o.";0.0;100.0;29.0;0.0;0.0;7.0;"Link: https://online.makro.pl/shop/pv/BTY-X548428/0032/0021/7UP-Nap%C3%B3j-gazowany-0-5-l-12-sztuk"
"7 Up Free";"Pepsi Cola General Bottlers Poland Sp. z o.o.";0.0;100.0;2.0;0.0;0.0;0.0;""
"Agrest";"owoce";0.0;100.0;44.0;0.8;0.15;8.8;"Link: https://www.tabele-kalorii.pl/kalorie,Agrest.html"
"Almette - jogurtowy ";"Hochland";150.0;100.0;260.0;7.1;24.0;3.8;""
"Almette - ogórkiem i ziołami";"Hochland";150.0;100.0;239.0;7.0;21.0;6.0;""
"Almette - ziołowe";"Hochland";150.0;100.0;230.0;6.8;20.0;5.6;"W tym cukry - 3.6"
"Almette serek - ze szczypiorkiem i cebulą";"Hochalnd";150.0;100.0;242.0;7.0;22.0;4.0;""
"Almette śmietankowy";"Hochland";150.0;100.0;256.0;6.7;24.0;3.2;""
"Almette z pomidorami ";"Hochland";150.0;100.0;238.0;7.2;21.0;5.0;""
"Almette z rzodkiewkami ";"Hochland";150.0;100.0;256.0;6.6;24.0;3.5;""
"Arbuz";"owoce";0.0;100.0;30.0;0.61;0.15;7.15;"/www.tabele-kalorii.pl/kalorie,Arbuz.html"
"Bagietka - BBQ Strips";"Tomcio Paluch";255.0;100.0;263.0;9.7;12.0;28.0;""
"Bagietka - kebab";"Tomcio Paluch";215.0;100.0;273.0;8.2;13.0;29.0;"Produkt z Żabki"
"Bagietka - nuggetsy ";"Tomcio Paluch";240.0;100.0;262.0;7.3;15.0;23.0;""
"Bagietka czosnkowa";"Żabka";165.0;100.0;267.0;5.0;14.0;29.0;"/www.zabka.pl/wypiekane-pieczywo/"
"Banan";"";0.0;100.0;89.0;1.09;0.33;22.84;""
"Barszcz czerwony z makaronem - domowy";"Domowy";0.0;100.0;94.54;3.31;0.33;19.28;"Domowy"
"Baton - Lion";"Nestle";42.0;100.0;492.0;5.2;23.1;65.1;"Link: https://e-delikatesydwojka.pl/produkt/nestle-lion-baton-chocolate-42g/"
"Baton białkowy Crunchy Caramel";"BioTechUSA";50.0;100.0;397.0;30.0;16.0;37.0;"Link: https://shop.biotechusa.pl/collections/batony-napoje/products/baton-bialkowy-protein-dessert-bar-50-g"
"Baton Lion White";"Lion";42.0;100.0;192.0;5.7;22.6;66.2;"Link: https://www.frisco.pl/pid,4873/n,lion-baton-white/stn,product"
"Baton Mars";"Mars Polska Sp. z o.o. - Sochaczew";47.0;100.0;452.0;3.7;17.0;70.3;"Link: https://www.tabele-kalorii.pl/kalorie,Baton-Mars-Mars.html"
"Baton Snickers";"Mars Polska Sp. z o.o. - Sochaczew";50.0;100.0;485.0;8.6;23.0;60.2;""
"Biala czekolada melite";"Meltie";100.0;100.0;568.0;6.3;36.0;55.0;"/www.fitatu.com/catalog/pl/biala-czekolada-melite--102218015"
"Big Milk Wafelek";"Algida";98.0;100.0;224.0;3.6;11.0;26.0;"Dane z opakowania"
"Bigos z mięsem i kiełbasą";"Pudliszki";500.0;100.0;142.0;4.3;11.0;6.0;""
"Borówki amerykańskie ";"owoce";0.0;100.0;57.0;1.0;0.0;14.0;"/www.tabele-kalorii.pl/kalorie,Borowki-amerykanskie.html"
"Brokuły gotowane";"";0.0;100.0;24.0;2.7;0.4;2.4;""
"bulbulbul";"gugu";0.0;100.0;1.0;1.0;1.0;1.0;""
"Bułeczki mleczne z czekoladą";"Dan Cake";400.0;100.0;382.0;8.4;13.0;57.0;"Link: https://dancake.pl/produkty/buleczki-mleczne-z-czekolada/"
"Bułka - ciabatta fintes";"Carrefour";85.0;100.0;307.0;11.0;6.9;47.0;""
"Bułka - delicja serowa";"Carrefour";63.0;100.0;325.0;13.5;6.93;52.0;""
"Bułka ciabatta";"Lidl";85.0;100.0;256.0;9.1;1.0;51.6;"/www.tabele-kalorii.pl/kalorie,Bulka-ciabatta-Lidl.html"
"Bułka grahamka";"None";80.0;100.0;265.0;9.6;1.7;56.1;""
"Bułka krajzerka";"None";60.0;100.0;300.0;9.2;3.6;58.6;"Jedna bułka waży - 80g"
"Bułka pizzerka";"Familijna";100.0;100.0;267.0;11.0;5.9;41.0;"Sprzedawana między innymi w Carrefour"
"Bułka pszenna z cebulą";"Auchan";100.0;100.0;295.0;9.3;3.2;55.0;"/zakupy.auchan.pl/products/bu%C5%82ka-pszenna-z-cebul%C4%85-inter-europol-100-g/00104841"
"Bułka pszenna z żurawiną";"Auchan";100.0;100.0;287.0;8.7;3.3;54.0;"/zakupy.auchan.pl/products/bu%C5%82ka-pszenna-z-%C5%BCurawin%C4%85-inter-europol-100-g/00266873"
"Bułka śniadaniowa fintess";"Carrefour";72.0;100.0;282.0;10.0;3.9;49.0;""
"Bułka tarta pszenna";"Pano";450.0;100.0;361.0;14.0;1.1;71.0;""
"Bułka weka Wrocławska";"Julka";400.0;100.0;254.0;8.8;1.1;51.0;""
"Burak";"None";0.0;100.0;42.0;1.8;0.1;9.5;""
"Cebula";"";0.0;100.0;40.0;1.1;0.1;7.64;""
"Chałka maślana";"None";0.0;100.0;337.0;7.95;7.07;59.02;""
"Chałwa sezamowa o smaku waniliowym";"Magnetic";100.0;100.0;526.0;13.0;30.0;48.0;"Link: https://zakupy.biedronka.pl/magnetic-magnetic-chalwa-sezamowa-o-smaku-waniliowym-100-g-0000000370.html"
"Cheerios Miodowy Płatki";"Nestle";250.0;100.0;373.0;8.7;3.5;71.9;""
"Cheeseburger";"Burger King";152.0;100.0;407.0;24.0;21.0;31.0;""
"Cheeseburger - KFC";"KFC";125.0;100.0;326.0;16.0;15.0;32.0;"Link: https://www.dine4fit.pl/produkty/cheeseburger-kfc"
"Cheeseburger - McDonalds";"McDonalds";116.0;100.0;262.9;13.8;11.2;25.9;""
"Chicken Burger";"Burger King";131.0;100.0;377.0;10.0;20.0;40.0;""
"Chikker";"McDonalds";152.0;100.0;279.0;14.0;13.0;29.0;"Link: https://www.fitatu.com/catalog/pl/mcdonalds-chikker--68421959"
"Chipsy - Crunchips X-Cut Papryka";"Lorenz";140.0;100.0;519.0;5.8;31.0;52.0;""
"Chipsy - Oven baked Cheddar Cheese";"Lay S";110.0;100.0;441.0;5.7;15.0;69.0;""
"Chleb - bułka weka wrocławska";"Julka";0.0;100.0;254.0;8.8;1.1;5.1;""
"Chleb - pełen ziaren";"Piekarnia Lwowska";0.0;100.0;260.0;7.2;4.7;44.6;""
"Chleb baltonowski";"Z dobrej piekarni";500.0;100.0;208.0;7.3;1.2;41.0;""
"Chleb biały";"None";0.0;100.0;268.0;7.7;2.7;52.0;""
"Chleb całe ziarno";"Biedronka";300.0;100.0;221.0;7.0;2.0;41.0;""
"Chleb fitness";"Biedronka";410.0;100.0;295.0;12.5;6.5;44.6;""
"Chleb mieszany pszenno-żytni - Chleb Geparda";"Chleb Geparda";450.0;100.0;269.0;9.1;2.5;51.0;"Link: https://www.tabele-kalorii.pl/kalorie,Chleb-mieszany-pszenno-zytni-Chleb-Geparda.html"
"Chleb orkiszowy ze słonecznikiem";"Piekarnia Ju-lka";550.0;100.0;249.0;8.2;9.0;26.0;"/leclerc24.pl/jul-ka-chleb-orkiszowy-ze-slonecznikiem-550g"
"Chleb pełen ziaren";"Lidl";400.0;100.0;211.0;9.0;4.0;36.0;"/www.tabele-kalorii.pl/kalorie,Chleb-pelen-ziaren-Lidl.html"
"Chleb razowy";"Biedronka";500.0;100.0;235.0;7.0;8.0;30.0;""
"Chleb słonecznikowy";"Biedronka";480.0;100.0;224.0;8.4;5.5;35.1;""
"Chleb żytni";"7 ziaren";390.0;100.0;262.0;8.8;9.1;33.0;""
"Chleb żytni z ziarnami";"Z Piekarni Regionalnej";400.0;100.0;242.0;7.5;5.9;37.0;"Link: https://www.tabele-kalorii.pl/kalorie,Chleb-zytni-z-ziarnami-Wypieczone-ze-Smakiem-Z-Piekarni-Regionalnej.html"
"Chleb żytni ze słonecznikiem";"Julka";600.0;100.0;253.0;6.4;6.8;39.0;"/www.tabele-kalorii.pl/kalorie,Chleb-zytni-ze-slonecznikiem-Piekarnia-Jul-ka.html"
"Choco Kulki";"Lubella";0.0;100.0;377.0;9.0;4.5;71.0;""
"Choco Muszelki";"Lubella";500.0;100.0;380.0;8.5;3.7;75.0;""
"Chrupki - Curly Classic";"Lorenz";120.0;100.0;495.0;14.0;25.0;51.0;""
"Chrupki - Peppies Bekon";"Lorenz";100.0;100.0;493.0;5.6;27.0;56.0;""
"Chupa Chups Flavour Playlist XXL Lizak z gumą do żucia";"Chupa Chups";29.0;100.0;361.0;0.0;0.0;90.0;"Link: https://www.swietneceny.pl/chupa-chups-flavour-playlist-xxl-lizak-z-guma-do-zucia-29g/"
"Ciacho owsiane";"McDonalds";80.0;100.0;358.0;4.9;17.0;43.0;"/cdn.mcdonalds.pl/uploads/20250403091917/352978-tabela-wo-8-11-2023-mop.pdf?openOutsideMcd=true"
"Ciasteczka kruche";"";0.0;100.0;429.0;5.0;22.4;65.0;""
"Ciastko z mozzarellą i pomidorami";"Biedronka";105.0;100.0;264.0;6.4;13.4;28.5;"/www.fitatu.com/catalog/pl/ciastko-z-mozzarella-i-pomidorami--67626879"
"Ciasto - Szarlotka";"domowe";0.0;100.0;290.0;2.7;13.5;40.3;"Link: https://www.tabele-kalorii.pl/kalorie,Szarlotka.html"
"Ciasto czekoladowe z polewą";"";0.0;100.0;395.56;7.14;24.65;35.53;"Ogólne ciasto np. domowe - bez marki"
"Cornellis Vanilla Maxi Max Ciastka Z Kremem Waniliowym Przekąska";"Cornellis";500.0;100.0;480.0;4.0;23.0;63.0;"/www.empik.com/cornell-maximax-vanilla-500g,p1627931513,delikatesy-p#DetailedData"
"Crispy Chicken";"Burger King";183.0;100.0;489.0;18.0;29.0;39.0;""
"Cukier";"None";0.0;100.0;399.0;0.0;0.0;99.8;""
"Cukier brązowy - kostka";"";3.0;100.0;375.0;0.0;0.0;100.0;"/www.snapcalorie.com/nutrition/brown_sugar_cubes_nutrition.html"
"Cukier puder";"Diamant";400.0;100.0;406.0;0.0;0.0;100.0;"Link: https://www.tabele-kalorii.pl/kalorie,Cukier-puder-Diamant.html"
"Cukierek - Krówka mleczna";"Mieszko";0.0;100.0;424.0;3.2;12.0;76.0;"Link: https://zakupy.auchan.pl/products/kr%C3%B3wka-mleczna-mieszko-215-g/00201533"
"Czarna porzeczka";"";0.0;100.0;60.0;1.4;0.4;11.4;""
"Czekolada gorzka - Magnetic";"Magnetic";90.0;100.0;515.0;8.3;32.2;41.1;""
"Czekolada mleczna z orzeszkami arachidowymi";"Allegro";100.0;100.0;527.0;9.1;33.0;47.0;""
"Czekolada Raffaello Coconut & Almond";"Ferrero";90.0;100.0;599.0;8.1;41.8;46.5;""
"Czerwona porzeczka";"owoc";0.0;100.0;31.0;1.1;0.2;6.0;"Link: https://www.tabele-kalorii.pl/kalorie,Porzeczka-czerwona.html"
"Daktyle";"None";0.0;100.0;290.0;2.0;0.4;74.0;""
"Drożdżówka z kruszonką";"Familijna";110.0;100.0;370.0;7.4;12.0;57.0;""
"Drożdżówka z makiem";"Familijna";110.0;100.0;435.0;7.4;20.0;55.0;""
"Duet Napój jogurtowy o smaku truskawka-kiwi";"Jovi";350.0;100.0;56.0;1.7;0.8;10.5;"/www.carrefour.pl/mleko-nabial-jaja/jogurt-kefir-maslanka-serki-homogenizowane/jogurty-pitne/jovi-duet-napoj-jogurtowy-o-smaku-truskawkakiwi-350-g"
"Fasolka szparagowa - gotowana";"Domowe";0.0;100.0;27.0;2.4;0.2;7.6;"Domowe"
"Fasolka szparagowa z bułką tartą ";"Domowe";0.0;100.0;102.0;2.0;6.9;3.0;"Domowe"
"Filety śledziowe w sosie salsa";"Seko";500.0;100.0;133.0;6.9;5.2;14.7;""
"Fix - MAC and CHEESE";"Knorr";33.0;100.0;435.0;14.0;20.0;48.0;"Makro samej saszetki przed przygotowaniem"
"Fix Spaghetti 4 sery z brokułami";"Knorr";43.0;100.0;206.4;5.16;12.04;18.92;"/www.tabele-kalorii.pl/kalorie,Fix-Spaghetti-4-sery-z-brokulami-Knorr.html"
"Francuskie ze śliwką";"domowe";0.0;100.0;151.34;2.0;7.05;19.52;"Link: https://www.tabele-kalorii.pl/kalorie,Francuskie-ze-sliwka-Przepis-od-elusiaw.html"
"Frugo czarne";"Frugo";0.0;100.0;40.0;0.0;0.0;9.9;""
"Frytki domowe";"Domowe";0.0;100.0;136.78;1.76;7.5;16.94;""
"Frytki duże";"Burger King";116.0;100.0;314.3;5.5;15.0;39.0;""
"Frytki duże - KFC";"KFC";105.0;100.0;268.0;4.0;12.0;36.0;"Link: https://kalkulatorkalorii.net/kalkulator-kalorii/8220-100-frytki-duze-kfc"
"Frytki Duże - McDonalds";"McDonalds";144.0;100.0;299.0;3.4;15.0;37.0;"/www.tabele-kalorii.pl/kalorie,Frytki-Duze-McDonald-s.html"
"Frytki małe";"Burger King";74.0;100.0;200.5;3.5;9.7;25.0;""
"Frytki Małe - McDonalds";"McDonalds";72.0;100.0;299.0;3.4;15.0;37.0;""
"Frytki średnie";"Burger King";116.0;100.0;314.3;5.5;15.0;39.0;""
"Frytki XXL";"Burger King";220.0;100.0;270.9;4.54;13.18;33.64;""
"Gorący Kubek - Borowikowa z grzankami";"Knorr";15.0;100.0;32.0;0.5;1.4;4.3;"Opakowanie pozwala na przygotowanie 1 porcji - 200 ml Link: https://esklep.pelcowizna.pl/pl/p/KNORR-GORACY-KUBEK-15G-BOROWIKOWA-Z-GRZANKAMI/26122"
"Gorący Kubek - Kurkowa z makaronem";"Knorr";13.0;100.0;22.0;0.7;0.5;4.1;"Opakowanie pozwala na przygotowanie 1 porcji - 200 ml Link: https://www.tabele-kalorii.pl/kalorie,Kurkowa-z-makaronem-Knorr-Goracy-kubek.html"
"Gorący Kubek - Pieczarkowa z grzankami";"Knorr";15.0;100.0;32.0;0.6;1.6;3.9;"Opakowanie pozwala na przygotowanie 1 porcji - 200 ml"
"Gorący Kubek - Pomidorowa z makaronem";"Knorr";19.0;100.0;64.0;2.1;0.7;12.0;"Opakowanie pozwala na przygotowanie 1 porcji - 200 ml"
"Gorący Kubek - Serowa z grzankami";"Knorr";22.0;100.0;52.0;1.2;2.6;5.9;"Opakowanie pozwala na przygotowanie 1 porcji - 200 ml."
"Granella Granulowany napój herbaciany o smaku malinowym z witaminą C";"Granella";400.0;100.0;387.0;0.1;0.0;95.0;""
"Grochówka wojskowa";"domowe";0.0;100.0;62.03;2.79;2.06;8.55;"Link: https://www.tabele-kalorii.pl/kalorie,Grochowka-wojskowa-Przepis-od-laycool.html"
"Groszek konserwowy";"Nasza Spiżarnia";400.0;100.0;80.0;5.5;0.8;8.7;"240 g "
"Gruszka";"Owoce";0.0;100.0;58.0;0.38;0.12;12.36;"/www.tabele-kalorii.pl/kalorie,Gruszka.html"
"Gularz angielski";"Nasze smaki";300.0;100.0;186.0;17.0;13.0;0.2;""
"Gulasz wieprzowy - domowy";"domowe";0.0;100.0;248.98;14.6;20.69;1.67;"/www.tabele-kalorii.pl/kalorie,Gulasz-wieprzowy-Przepis-od-ewa1234.html"
"Herbatka rozpuszczalna o smaku wieloowocowym";"Auchan";350.0;100.0;389.0;0.0;0.0;97.0;"Auchan - Celiko S.A. Link: https://zakupy.auchan.pl/products/herbatka-rozpuszczalna-o-smaku-wieloowocowym-auchan-350-g/00386757"
"Herbatniki maślane";"Bonitki";250.0;100.0;480.0;7.5;16.0;76.0;""
"Herbatniki maślane-kakaowe";"Bonitki";250.0;100.0;463.0;7.5;15.0;74.0;""
"Herbatniki Petit Beurre";"Bonitki";400.0;100.0;442.0;7.9;14.0;70.0;"/www.tabele-kalorii.pl/kalorie,Herbatniki-Petit-Beurre-Bonitki.html"
"Ice Tea z ekstraktem z czarnej herbaty brzoskwinia";"Remsey";1500.0;100.0;28.0;0.0;0.0;6.9;""
"Ice Tea z ekstraktem z czarnej herbaty cytryna";"Remsey";1500.0;100.0;28.0;0.0;0.0;6.9;""
"Instant Tea Drink - forest fruit flavor";"Stilla Dolce";350.0;100.0;382.0;0.0;0.0;94.0;"Dane prosto z opakowania"
"Instant Tea Drink - lemon flavor";"Stilla Dolce";350.0;100.0;396.0;0.0;0.0;97.0;"Dane prosto z opakowania"
"Instant Tea Drink - raspberry flavor";"Stilla Dolce";350.0;100.0;383.0;0.0;0.0;94.0;"Dane prosto z opakowania"
"Instant Tea Forest Fruits";"Kaufland";350.0;100.0;389.0;0.5;0.0;94.0;"/www.fitatu.com/catalog/pl/instant-tea-forest-fruits--65393641"
"Instant Tea Lemon";"Kaufland";350.0;100.0;393.0;0.5;0.0;96.0;"/www.dine4fit.pl/produkty/k-classic-instant-tea-lemon-herbata-granulowana"
"Jabłko";"owoce";0.0;100.0;50.0;0.26;0.17;11.41;"Link: https://www.tabele-kalorii.pl/kalorie,Jablko.html"
"Jajecznica - domowa";"";0.0;100.0;212.0;13.0;17.0;0.0;""
"Jajko gotowane na twardo";"domowe";0.0;100.0;155.0;12.5;10.6;1.1;"Link: https://www.tabele-kalorii.pl/kalorie,Jajko-na-twardo.html"
"Jajko M";"Biedronka";0.0;100.0;136.0;12.07;9.48;0.86;""
"Jajko sadzone";"";0.0;100.0;245.0;14.4;20.8;0.8;""
"Jogurt - banan";"Fruvita";350.0;100.0;104.0;3.8;2.8;15.0;"Link: https://www.tabele-kalorii.pl/kalorie,Jogurt-FruVita-banan-FruVita.html"
"Jogurt brzoskwinia";"Fruvita";400.0;100.0;100.0;3.5;2.6;14.8;""
"Jogurt jagodowy";"Fruvita";400.0;100.0;85.0;2.7;2.5;12.6;""
"Jogurt kiwi";"Fruvita";350.0;100.0;88.0;3.3;2.5;12.9;""
"Jogurt morelowy";"Fruvita";400.0;100.0;85.0;2.7;2.5;12.7;""
"Jogurt owoce leśne";"Fruvita";400.0;100.0;87.0;2.7;2.5;13.4;""
"Jogurt truskawka poziomka";"Fruvita";400.0;100.0;84.0;2.7;2.5;12.6;""
"Kakao";"Deco Morreno";150.0;100.0;309.0;24.0;11.0;13.0;""
"Kalafior gotowany";"warzywo";0.0;100.0;22.0;2.4;0.0;5.0;"Link: https://www.tabele-kalorii.pl/kalorie,Kalafior-gotowany.html"
"Kapusta biała";"Warzywa";0.0;100.0;25.0;1.28;0.1;5.8;"/www.tabele-kalorii.pl/kalorie,Kapusta-biala.html"
"Kapusta kiszona";"";0.0;100.0;20.0;0.9;0.14;1.4;""
"Kapusta kiszona dębowa";"Witpol";1000.0;100.0;20.0;0.9;0.0;1.4;"dane wprowadzone ręcznie z opakowania"
"Kapusta kiszona z marchewką";"Domowe";0.0;100.0;75.88;0.86;6.39;2.23;"/www.tabele-kalorii.pl/kalorie,Kapusta-kiszona-z-marchewka-Przepis-od-mrmr.html"
"Kasza gryczana - ugotowana";"";0.0;100.0;121.0;4.7;1.1;22.2;"Ogolny produkt bez marki i opakowania"
"Kaszanka";"";0.0;100.0;274.0;9.0;20.0;15.0;""
"Kaszka manna czekoladowa";"Dr. Oetker";50.0;100.0;92.0;3.1;0.7;18.0;"Jedno opakowanie to 200g po przygotowaniu"
"Kaszka manna waniliowa";"Dr. Oetker";47.5;100.0;89.0;2.6;0.3;18.0;""
"Kaszka manna z malinami";"Dr. Oetker";49.0;100.0;90.0;3.0;0.4;18.0;"Jedno opakowanie to 199g po przygotowaniu Link:https://www.tabele-kalorii.pl/kalorie,Kaszka-manna-Slodka-Chwila-z-malinami-Dr-Oetker.html"
"Ketchup łagodny";"Auchan";470.0;100.0;93.0;0.6;0.5;22.0;"Link: https://zakupy.auchan.pl/products/ketchup-%C5%82agodny-auchan-470-g/00673110"
"Ketchup Tomatini łagodny";"Dawtona";750.0;100.0;93.0;0.5;1.15;22.0;""
"Ketchup Tomatini pikantny";"Dawtona";750.0;100.0;93.0;0.6;0.1;22.0;"18"
"Kiełbasa białą z szynki";"Kraina Wędlin";500.0;100.0;253.0;15.0;20.0;2.2;"/zakupy.biedronka.pl/kraina-wedlin-kraina-wedlin-kielbasa-biala-z-szynki-500-g-0000004780.html"
"Kiełbasa Regionalna z kurczaka";"Animex";1000.0;100.0;239.0;10.3;20.1;1.24;""
"Kisiel owoce leśne";"Dr. Oetker";31.5;100.0;59.0;0.1;0.0;14.0;"Opakowanie pozwala na 1 porcję = 206g"
"Kisiel truskawka kiwi";"Dr. Oetker";32.0;100.0;60.0;0.1;0.0;15.0;"Opakowanie pozwala na 1 porcje = 205g"
"Kisiel truskawkowy";"Dr. Oetker";31.5;100.0;59.0;0.1;0.0;14.0;"Opakowanie pozwala na 1 porcję = 206g"
"Klopsiki w sosie pomidorowym Pudliszki";"Pudliszki";600.0;100.0;127.0;5.4;6.9;10.0;""
"Kokosowe Herbatniki";"Krakuski";168.0;100.0;506.0;7.4;25.0;61.0;"Link: https://www.carrefour.pl/artykuly-spozywcze/slodycze/ciastka/krakuski-kokosowe-herbatniki-168-g"
"Kostka Śnieżna - lody śmietankowe";"Koral";87.0;100.0;197.0;3.7;9.0;25.4;"/www.tabele-kalorii.pl/kalorie,Kostka-Sniezna-lody-smietankowe-Koral.html"
"Kotlet mielony";"";0.0;100.0;280.0;13.0;20.4;11.5;""
"Kotlet schabowy";"None";0.0;100.0;151.0;16.8;4.7;9.4;""
"Kotlet z jajka i bułki tartej";"";0.0;100.0;230.0;12.54;10.12;21.0;"/www.tabele-kalorii.pl/kalorie,Kotlet-z-jajka-i-bulki-tartej-Przepis-od-olan.html"
"Kotlety z grochu";"domowe";0.0;100.0;129.59;7.45;0.55;22.8;"Link: https://www.tabele-kalorii.pl/kalorie,Kotlety-z-grochu-Przepis-od-daniello.html"
"Krajzerka z kebabem";"Tomcio Paluch";137.0;100.0;306.0;9.8;16.0;29.0;""
"Krajzerka z polędwicą drobiową";"Tomcio Paluch";128.0;100.0;290.0;11.0;16.0;25.0;""
"Krem do smarowania - Milka";"Milka";350.0;100.0;552.0;3.8;34.0;57.0;""
"Krokiety z kapustą i grzybami";"Virtu";1000.0;100.0;196.0;5.7;10.0;20.0;"Link: https://zakupy.auchan.pl/products/krokiety-z-kapust%C4%85-i-grzybami-virtu-1-kg/00977813"
"Kubełek frytek - KFC";"KFC";240.0;100.0;255.0;3.9;2.4;33.8;"Link: https://www.fitatu.com/catalog/pl/kubelek-frytek--59644317"
"Kukurydza konserwowa";"Nasza Spiżarnia";285.0;100.0;91.0;2.9;2.4;12.2;"Masa netto: 340 g (po odsączeniu 285 g) Link: https://www.tabele-kalorii.pl/kalorie,Kukurydza-konserwowa-Nasza-Spizarnia.html"
"Łazanki z mięsem i kapustą";"domowe";0.0;100.0;154.9;6.41;8.09;13.73;"/www.tabele-kalorii.pl/kalorie,Lazanki-z-miesem-i-kapusta-Przepis-od-mirime777.html"
"Leczo z mięsem mielonym";"Domowe";0.0;100.0;142.0;4.47;10.95;4.56;"Domowe"
"Leniwe pierogi";"domowe";0.0;100.0;150.46;10.62;0.39;26.32;"Link: https://www.tabele-kalorii.pl/kalorie,Leniwe-z-ziemniakami-Przepis-od-kaarol116.html"
"Lipton Ice Tea - Lemon";"Lipton";0.0;100.0;30.0;0.5;0.5;7.0;""
"Lipton Ice Tea - Peach";"Lipton";1500.0;100.0;20.0;0.5;0.5;4.6;""
"Lód - Twister Pineapple";"Algida";71.0;100.0;98.0;0.5;0.5;22.0;"Dane z opakowania"
"Lody Daim Rożek";"Mondelez";68.5;100.0;352.0;3.3;21.0;38.0;"Link: https://www.froneri.com/pl/products/daim-rozek-prod/"
"Lody Nogger Toffi";"Algida";60.0;100.0;320.0;2.0;21.0;30.0;"/emmamarket.pl/lody/7765-algida-nogger-toffi-lody-90-ml.html"
"Lody o smaku śmietankowym";"Auchan";110.0;100.0;210.0;3.0;13.0;21.0;""
"Lody Rożek truskawkowy";"Koral";74.0;100.0;266.0;2.6;12.0;37.0;"Link: https://www.tabele-kalorii.pl/kalorie,Lody-Rozek-truskawkowy-Koral.html"
"Lody Sorbet z cytryn";"Grycan";340.0;100.0;133.0;0.2;0.1;32.5;"Link: https://sklep.grycan.pl/Lody-GRYCAN-Sorbet-z-cytryn-500ml-WARSZAWA-p222"
"Lody w rożku o smaku waniliowo-truskawkowym";"Diuna";75.0;100.0;253.0;3.2;12.0;34.0;"Dane z opakowania"
"Lody wodne truskawkowe";"Marletto";115.0;100.0;117.0;0.3;0.5;28.0;"Link: https://pl.openfoodfacts.org/product/5905704316035/lody-wodne-truskawkowe-marletto"
"Lody wodne truskawkowe - Chupa Chups";"Chupa Chups";105.0;100.0;85.0;0.0;0.0;21.0;"Dane z opakowania"
"Lody wodne truskawkowe z przetratymi truskawkami";"Carrefour";115.0;100.0;117.0;0.3;0.1;28.4;"Dane z opakowania"
"M&Ms Chocolate";"Mars Polska Sp. z o.o. - Sochaczew";45.0;100.0;480.0;5.3;19.0;70.0;"Dane prosto z opakowania"
"Makaron spaghetti";"Lubella";400.0;100.0;351.0;13.0;1.4;70.0;""
"Makaron spaghetti cienkie";"Lubella";400.0;100.0;351.0;13.0;1.4;70.0;""
"Makaron świderki";"Dobrusia";0.0;100.0;360.0;11.0;1.3;75.0;""
"Makaron ugotowany ";"";0.0;100.0;114.0;4.2;0.8;23.3;"0.1"
"Makaron z cukinią i mięsem mielonym";"Domowe";0.0;100.0;134.0;8.3;10.4;2.0;"Domowe"
"Makaron z mięsem mielonym";"";0.0;100.0;134.61;11.13;3.81;13.08;"Przepis od xetnom - potrawa traktowana jako wyrób domowy"
"Makrela w sosie pomidorowym";"Graal";300.0;100.0;90.0;11.9;2.3;5.5;""
"Maliny";"owoce";0.0;100.0;28.0;1.2;0.25;5.0;"Link: https://www.tabele-kalorii.pl/kalorie,Maliny.html"
"Mandarynka";"owoc";0.0;100.0;53.0;0.81;0.31;13.34;"Link: https://www.tabele-kalorii.pl/kalorie,Mandarynka.html"
"Mango Saft Juice";"Dimes";330.0;100.0;109.0;0.8;0.3;25.0;"Link: https://tukwila.de/index.php/product/mango-saft-juice-330ml/"
"Manhattan Lody bananowe i czekoladowe";"Manhattan";742.0;100.0;204.0;2.0;9.4;27.0;"/leclerc-online.pl/manhattan-lody-bananowe-i-czekoladowe-1400-ml"
"Marchew";"Warzywa";0.0;100.0;27.0;1.0;0.2;5.1;""
"Marchew gotowana";"Warzywa";0.0;100.0;28.0;1.0;0.2;5.2;"Link: https://www.tabele-kalorii.pl/kalorie,Marchew-gotowana.html"
"Marchewki z groszkiem";"domowe";0.0;100.0;38.0;2.2;0.0;8.5;"Link: https://food.food-nutrients-calculator.com/peas-carrots,100g.html"
"Margaryna Delma idealna do kanapek";"Delma";450.0;100.0;351.0;0.0;39.0;0.0;"0"
"Maślanka - truskawkowa";"Mlekovita";1000.0;100.0;74.0;3.2;1.5;12.0;""
"Maślanka Konecka - truskawkowa";"Polmlek";1000.0;100.0;77.0;3.2;1.5;12.0;""
"Maślanka Mrągowska - Truskawkowa";"Mlekpol";1000.0;100.0;72.0;3.3;1.5;11.3;""
"Maślanka Mrągowska naturalna";"Mlekpol";1000.0;100.0;48.0;3.5;1.5;5.0;"/www.tabele-kalorii.pl/kalorie,Maslanka-Mragowska-naturalna-Mlekpol.html"
"Maślanka Mrągowska wieloowocowa z owocami leśnymi";"Mlekpol";1000.0;100.0;78.0;3.2;1.5;13.0;"/www.carrefour.pl/napoje/mleko-napoje-mleczne-i-roslinne/napoje-mleczne-kawowe/mlekpol-maslanka-mragowska-wieloowocowa-z-owocami-lesnymi-1-l"
"Maślanka naturalna";"Mleczna Dolina";1000.0;100.0;47.0;3.4;1.5;4.6;"/www.tabele-kalorii.pl/kalorie,Maslanka-naturalna-Mleczna-Dolina.html"
"Maślanka truskawkowa";"Mleczna Dolina";1000.0;100.0;72.0;3.5;1.5;11.0;"/zakupy.biedronka.pl/mleczna-dolina-mleczna-dolina-maslanka-truskawkowa-1-l-0000001424.html"
"Masło";"Produkt ogolny";0.0;100.0;746.0;1.0;82.0;1.0;"/www.tabele-kalorii.pl/kalorie,Maslo-Polskie-Ekstra-200-g-Mlekovita.html"
"Masło Ekstra";"Mleczna Dolina";200.0;100.0;746.0;1.0;82.0;1.0;""
"Masło orzechowe";"Vitanella";450.0;100.0;611.0;22.0;49.0;17.0;""
"McWrap Klasyczny Chrupiący Kurczak";"McDonalds";260.0;100.0;491.0;24.0;19.0;56.0;""
"Metka cebulowa";"Sokołów";170.0;100.0;245.0;13.0;21.0;0.9;""
"Mielonka Tyrolska";"Produkt ogolny";0.0;100.0;224.0;11.0;18.0;4.5;""
"Mięso mielone z szynki smażone";"domowe";0.0;100.0;179.1;27.0;7.78;0.25;"Link: https://www.tabele-kalorii.pl/kalorie,Mieso-mielone-z-szynki-smazone-Przepis-od-missy66.html"
"Migdały Łuskane";"Makar";1000.0;100.0;604.0;20.0;52.0;7.6;"/www.fit-zone.pl/p598,makar-migdaly-luskane-1kg-premium.html?srsltid=AfmBOorQ-rI6oDFfXdrc21bIPkeJ5vDkF0jo3my3eky0DWa8T-h4x0eB"
"Mini pizza z pieczarkami i cebulą";"Carrefour";155.0;100.0;210.0;7.0;4.5;34.7;""
"Miód wielokwiatowy nektarowy";"Tip";900.0;100.0;318.0;0.3;0.0;79.5;"/www.tabele-kalorii.pl/kalorie,Miod-wielokwiatowy-nektarowy-Tip.html"
"Mirinda pomarańczowa";"Pepsi Cola General Bottlers Poland Sp. z o.o.";0.0;100.0;48.0;0.0;0.1;12.9;"/www.tabele-kalorii.pl/kalorie,Mirinda-pomaranczowa.html"
"Mirinda zero";"Mirinda";0.0;100.0;1.0;0.0;0.0;0.0;"/www.frisco.pl/pid,137340/n,mirinda-zero-cukru-napoj-gazowany-o-smaku-pomaranczowym-bez-cukru/stn,product"
"Mixer smak truskawkowy";"Pilos";850.0;100.0;68.0;3.3;0.8;11.2;"/www.dine4fit.pl/produkty/mixer-smak-truskawkowy-pilos"
"Mixo Napój jogurtowy o smaku truskawka kiwi";"Fruvita";700.0;100.0;65.0;1.7;0.8;12.8;"Link: https://zakupy.biedronka.pl/fruvita-fruvita-mixo-napoj-jogurtowy-o-smaku-truskawka-kiwi-700g-0000002422.html"
"Mizeria ze śmietaną";"Domowe";0.0;100.0;66.7;1.53;5.38;3.59;"Domowe"
"Mleko 1,5%";"";0.0;100.0;44.0;3.0;1.5;4.7;"Produkt ogólny bez marki i opakowania"
"Mleko 1,7%";"Produkt ogolny";0.0;100.0;49.0;3.5;1.7;4.7;"/uk-gd.openfoodfacts.org/product/4056489000921/west-country-semi-skimmed-milk-lidl?"
"Mleko 2,0%";"Mlekovita";1000.0;100.0;49.0;3.0;2.0;4.7;""
"Mleko 3.2 %";"";0.0;100.0;60.0;3.0;3.2;4.7;"Ogólny produkt bez marki i opakowania"
"Mleko truskawkowe Mullermilch";"Muller";400.0;100.0;73.0;3.5;0.9;11.6;""
"Mleko w proszku odtłuszczone granulowane";"SM Gostyń";250.0;100.0;357.0;35.0;1.0;52.0;"Link: https://leclerc.com.pl/gostyn-mleko-w-proszku-odtluszczone-granulowane"
"Monte - Mega";"Zott";400.0;100.0;181.0;2.6;11.8;15.7;""
"Monte mega white";"Zott";400.0;100.0;184.0;2.4;13.5;12.9;""
"Naleśnik domowy";"domowe";0.0;100.0;214.4;8.1;5.0;34.5;"Link: https://www.tabele-kalorii.pl/kalorie,Nalesnik-domowy.html"
"Naleśnik z serem";"domowy";0.0;100.0;238.0;8.0;11.0;29.0;"Link: https://kalkulatorkalorii.net/kalkulator-kalorii/1114-100-nalesnik+z+serem"
"Napój herbaciany o smaku cytrynowym";"Granella";400.0;100.0;387.0;0.1;0.0;95.0;"/www.dine4fit.pl/produkty/napoj-herbaciany-o-smaku-cytrynowym-granella"
"Napój herbaciany o smaku owoców leśnych";"Granella";400.0;100.0;394.0;0.0;0.0;97.92;"Link: https://www.tabele-kalorii.pl/kalorie,Napoj-herbaciany-o-smaku-owocow-lesnych-Granella.html"
"Napój jabłko białe winogrono";"Tymbark";2000.0;100.0;20.0;0.0;0.0;4.8;"/tymbark.com/produkt/jablko-biale-winogrono/"
"Napój jabłko brzoskwinia";"Tymbark";250.0;100.0;34.0;0.0;0.0;8.4;""
"Napój Jabłko truskawka czarna porzeczka";"Tymbark";1750.0;100.0;20.0;0.0;0.0;4.8;""
"Napój jabłko-arbuz - Tymbark";"Tymbark";2000.0;100.0;19.0;0.0;0.0;4.6;"Link: https://tymbark.com/produkt/jablko-arbuz/"
"Napój jabłko-mięta";"Tymbark";1000.0;100.0;41.0;0.1;0.1;9.8;""
"Napój jabłko-mięta - Tymbark";"Tymbark";1000.0;100.0;41.0;0.1;0.1;9.8;"/www.tabele-kalorii.pl/kalorie,Napoj-jablko-mieta-Tymbark.html"
"Napój jogurtowy stracciatella";"Pilos";850.0;100.0;76.2;3.3;1.3;11.8;"/www.dine4fit.pl/produkty/napoj-jogurtowy-stracciatella-pilos"
"Napój mango mięta";"Tymbark";2000.0;100.0;19.0;0.0;0.0;4.8;"Dane prosto z opakowania"
"Napój niegazowany o smaku cytrynowym";"Polaris";1500.0;100.0;10.7;0.1;0.0;2.5;"Link: https://www.tabele-kalorii.pl/kalorie,Napoj-niegazowany-Polaris-o-smaku-cytrynowym.html"
"Napój o smaku brzoskwini i hibiskusa";"FuzeTea";0.0;100.0;18.0;0.0;0.0;4.2;"/online.makro.pl/shop/store/pv/BTY-X389726/0032/0022/fuzetea-Nap%C3%B3j-niegazowany-o-smaku-brzoskwini-i-hibiskusa-12-x-500-ml"
"Napój o smaku cytryny";"FuzeTea";0.0;100.0;18.0;0.0;0.0;4.2;"/leclerc24.pl/fuze-tea-juicy-napoj-niegazowany-o-smaku-cytryny-15-l"
"Napój o smaku leśnych owoców";"FuzeTea";0.0;100.0;20.1;0.0;0.0;4.5;"/www.dine4fit.pl/produkty/black-fruits-of-forest-fuzetea"
"Napój pomarańcza-brzoskwinia";"Tymbark";1000.0;100.0;38.0;0.0;0.0;9.4;"/www.tabele-kalorii.pl/kalorie,Napoj-pomarancza-brzoskwinia-Tymbark.html"
"Napój Pomarańczowy";"Dr. Witt";1000.0;100.0;44.0;0.0;0.6;10.0;"/www.pakomarket.pl/produkt/dr-witt-sok-pomaranczowy-aseptic-1l/"
"Napój wiśnia-jabłko";"Tymbark";2000.0;100.0;19.0;0.0;0.0;4.5;"/tymbark.com/produkt/wisnia-jablko/"
"Nektar - czarna porzeczka";"Hortex";1000.0;100.0;21.0;0.1;0.0;5.2;"/esklep.pelcowizna.pl/pl/p/HORTEX-1L-PET-CZARNA-PORZECZKA/25999"
"Nektar czarna porzeczka";"Tymbark";1000.0;100.0;55.0;0.1;0.0;13.2;"/www.tabele-kalorii.pl/kalorie,Nektar-czarna-porzeczka-Tymbark.html"
"Nektar o smaku czarnej porzeczki z dodatkiem witaminy C";"Riviva";1000.0;100.0;27.0;0.5;0.5;6.5;"/zakupy.biedronka.pl/riviva-riviva-nektar-o-smaku-czarnej-porzeczki-z-dodatkiem-witaminy-c-1-l-0000011183.html"
"Nektar owocowo-warzywny Marchew, Jabłko, Banan";"Riviva";1000.0;100.0;37.0;0.52;0.2;8.0;"/pl.openfoodfacts.org/product/5901886035443/nektar-owocowo-warzywny-marchew-jab%C5%82ko-banan-riviva"
"Nestea Peach napój herbaciany";"Nestea";0.0;100.0;28.0;0.0;0.0;6.6;""
"Nudle pomidorowe łagodne";"Knorr";65.0;100.0;85.0;1.6;3.6;11.0;"Opakowanie pozwala na przygotowanie 350g produktu, Dane z opakowania"
"Nutella";"Ferrero";600.0;100.0;539.0;6.3;30.9;57.5;""
"Ogórek";"Warzywo";0.0;100.0;16.0;0.65;0.11;3.13;"Warzwo"
"Olej - rzepakowy";"Kujawski";1000.0;100.0;900.0;0.0;100.0;0.0;""
"Onion Rings";"Burger King";60.0;100.0;309.0;5.2;14.9;36.7;"Onion Rings - 6 szt."
"Orzechy włoskie";"Orzechy";0.0;100.0;645.0;16.0;60.3;18.0;"/www.tabele-kalorii.pl/kalorie,Orzechy-wloskie.html"
"Orzeszki ziemne solone";"Produkt ogolny";0.0;100.0;605.0;24.9;50.2;13.4;"/www.tabele-kalorii.pl/kalorie,Orzeszki-ziemne-solone-Felix.html"
"Owoc Kaki";"owoce";0.0;100.0;74.0;1.0;0.0;17.0;"Link: https://kalkulatorkalorii.net/kalkulator-kalorii/9667-100-owoc-kaki"
"Paluszki - Lajkonik";"Lajkonik";200.0;100.0;374.0;12.0;3.6;71.0;"/www.tabele-kalorii.pl/kalorie,Paluszki-Lajkonik.html"
"Paluszki surimi o smaku krabów";"Vici";250.0;100.0;122.0;6.0;3.7;16.2;""
"Panierowane Nuggetsy z Kurczaka";"SuperDrob";200.0;100.0;255.0;14.0;15.0;14.0;""
"Paprika corn cakes";"Good Food";120.0;100.0;415.0;7.4;8.5;75.0;"/www.dine4fit.pl/produkty/paprika-corn-cakes-good-food-1"
"Papryka - czerwona";"";0.0;100.0;32.0;1.74;0.44;4.06;""
"Papryka - zielona";"";0.0;100.0;18.0;1.1;0.3;4.6;""
"Paprykarz szczeciński";"Dega";135.0;100.0;159.0;5.3;10.0;10.0;"Opakowanie ma - 135g"
"Paprykarz z dorszem";"Dega";130.0;100.0;139.0;5.0;8.1;11.0;""
"Parówki wędzone z kurcząt";"Indukpol";1000.0;100.0;232.0;12.2;18.8;2.4;""
"Pasztet z papryką";"Delikatesowy";131.0;100.0;189.0;8.6;15.0;3.4;""
"Pasztet z pieczarkami";"Delikatesowy";130.0;100.0;144.0;6.2;10.0;6.9;""
"Pasztet z pomidorami";"Podlaski";100.0;100.0;170.0;7.4;13.0;5.4;""
"Pepsi";"Pepsi Cola General Bottlers Poland Sp. z o.o.";0.0;100.0;41.0;0.0;0.0;10.9;"/www.tabele-kalorii.pl/kalorie,Pepsi.html"
"Pepsi Max";"Pepsi Cola General Bottlers Poland Sp. z o.o.";0.0;100.0;0.3;0.0;0.0;0.1;"/www.tabele-kalorii.pl/kalorie,Pepsi-Max-Pepsi.html"
"Pestki dyni";"Nasiona i ziarna";0.0;100.0;556.0;24.5;45.8;12.7;"/www.tabele-kalorii.pl/kalorie,Pestki-dyni.html"
"Pierniczki domowe";"Domowe";0.0;100.0;361.0;5.5;14.63;49.26;"Domowe"
"Pierogi ruskie domowe";"Domowe";0.0;100.0;232.61;7.6;4.67;39.22;"Przepis: https://www.tabele-kalorii.pl/kalorie,Pierogi-ruskie-domowe-Przepis-od-mystik.html"
"Pierś z kurczaka gotowana";"";0.0;100.0;151.0;32.9;2.0;0.0;""
"Pierś z kurczaka smażona w panierce";"domowe";0.0;100.0;260.0;25.0;13.0;9.0;"Link: https://www.tabele-kalorii.pl/kalorie,Piers-z-kurczaka-smazona-w-panierce.html"
"Pizza - Margherita - Pan";"Pizza hut";547.0;100.0;261.0;12.7;9.3;30.2;"izzaHut-Nutrition-po-polsku2025.pdf"
"Pizza - Pepperoni - z serem w brzegach";"Pizza Hut";709.0;100.0;314.0;19.6;15.3;22.9;"Dane z pdfu w projekcie"
"Pizza - serowa  - pan - mała";"Pizza hut";282.0;100.0;130.0;6.0;4.0;16.0;"nutrition_information_eng--pizza hut.pdf"
"Pizza domowa";"Domowe";0.0;100.0;181.24;7.93;7.34;20.42;"Link: https://www.tabele-kalorii.pl/kalorie,Pizza-domowa-Przepis-od-doopek.html"
"Pizza Tradycyjna Capricciosa - duża";"Pizza Hut";1088.0;100.0;291.0;12.7;14.3;27.7;""
"Pizza wrap - gyros";"Żabka";238.0;100.0;238.0;9.9;7.6;30.0;""
"Pizza z szynką i pieczarkami - Apetito";"Apetito";1000.0;100.0;194.0;5.8;6.8;27.2;"Produkt dostępny w biedronce Link: https://www.tabele-kalorii.pl/kalorie,Pizza-z-szynka-i-pieczarkami-Apetito.html"
"Placki z cukinii";"Domowe";0.0;100.0;50.61;2.85;1.36;6.98;"Domowe"
"Placki ziemniaczane";"Domowe";0.0;100.0;268.0;6.0;15.0;28.0;"Domowe"
"Płatki - Cinisy";"Lubella";500.0;100.0;408.0;9.0;8.2;70.0;""
"Płatki - hopki - czekoladowe";"";0.0;100.0;374.0;7.4;2.7;77.0;"Produkt kupowany z biedronki"
"Płatki - kangus";"Nestle";250.0;100.0;371.0;9.1;1.9;73.8;""
"Płatki - kukurydziane";"Corn Flakes";500.0;100.0;382.0;7.4;1.4;82.9;""
"Płatki - lion";"Nestle";0.0;100.0;400.0;8.7;5.5;76.1;""
"Płatki - Miodo Kółka";"Lubella";500.0;100.0;395.0;9.9;4.5;76.0;""
"Płatki - pszenica durum w polewie z miodem";"Puffinki";230.0;100.0;386.0;9.6;1.8;80.0;""
"Płatki Cini Minis";"Nestle";0.0;100.0;412.0;4.9;9.9;75.9;""
"Płatki kukurydziane";"Lubella";0.0;100.0;394.0;6.6;2.3;85.0;""
"Płatki kukurydziane - miodowe";"Corn Flakes";450.0;100.0;401.0;7.1;4.8;80.4;"Używane zazwyczaj jako składnik śniadania lub kolacji"
"Płatki Mlekołaki kółka miodowe";"Lubella";0.0;100.0;395.0;9.9;4.5;76.0;""
"Płatki owsiane górskie";"Vitanella";500.0;100.0;363.0;13.0;5.7;60.0;""
"Płaty śledziowe smażone w sosie pomidorowym";"Seko";800.0;100.0;118.0;7.6;5.5;9.5;""
"Polędwica drobiowa - Kraina Wędlin";"Kraina Wędlin";250.0;100.0;100.0;18.0;2.0;2.5;""
"Pomarańcza";"owoce";0.0;100.0;45.0;0.7;0.21;9.14;"Link: https://www.tabele-kalorii.pl/kalorie,Pomarancza.html"
"Pomidor";"Warzywa";0.0;100.0;20.0;1.0;0.2;3.0;"Warzywa"
"Pomidorowa na rosole";"Produkt ogolny";0.0;100.0;33.58;2.42;2.86;1.79;"/www.tabele-kalorii.pl/kalorie,Pomidorowa-na-rosole-Przepis-od-wiedma.html"
"Popcorn domowy";"";0.0;100.0;425.54;11.09;14.26;66.79;""
"Popcorn maślany - Helio";"Helio";90.0;100.0;430.0;4.6;20.0;55.0;""
"Por";"warzywa";0.0;100.0;61.0;1.5;0.3;12.35;"/www.tabele-kalorii.pl/kalorie,Por.html"
"Prince Polo Classic XXL";"Kraft Foods Polska S.A. Oddział Olza";50.0;100.0;530.0;5.4;29.5;58.0;""
"Pulpety w sosie pomidorowym - Pudliszki";"Pudliszki";600.0;100.0;181.0;5.1;8.8;7.3;""
"Quick Cao";"";0.0;100.0;370.0;4.5;2.1;80.0;"Wypełnić ile ma opakowanie"
"Riso - czekolada";"Muller";200.0;100.0;109.0;3.4;2.7;17.5;""
"Riso - karmel";"Muller";200.0;100.0;107.0;3.1;2.3;18.3;""
"Riso - pistacja";"Muller";200.0;100.0;108.0;3.2;2.4;18.3;""
"Riso - truskawka";"Muller";200.0;100.0;104.0;2.9;2.1;18.0;""
"Riso - wanilia ";"Muller";200.0;100.0;103.0;3.3;2.5;16.8;""
"Rogal maślany";"produkt ogólny";100.0;100.0;322.0;8.6;5.7;58.3;"produkt ogólny Link: https://www.tabele-kalorii.pl/kalorie,Rogal-maslany.html"
"Rogalik z nadzieniem karmelowym";"Kaufland";240.0;100.0;470.0;6.5;26.0;52.0;""
"Rogalik z nadzieniem nugatowym";"Kaufland";240.0;100.0;484.0;6.4;28.0;51.0;""
"Rożek o smaku truskawkowym";"Auchan";67.0;100.0;257.0;2.9;12.0;34.0;"/zakupy.auchan.pl/products/ro%C5%BCek-o-smaku-truskawkowym-auchan-110-ml/00994170?srsltid=AfmBOorlnirpxsjTWjspgBE6URLLD6PQ1ryXOty17buPBe5KgW5YtOJH"
"Rożek o smaku waniliowym";"Auchan";67.0;100.0;254.0;2.9;12.0;34.0;"/zakupy.auchan.pl/products/ro%C5%BCek-o-smaku-waniliowym-auchan-110-ml/00994162?srsltid=AfmBOooOZKv-kc7YFiznFeKdX-dIZeCj-_IG0LeZFTyCVxPAsgTjdX9P"
"Rozpuszczalna kawa zbożowa";"Inka";200.0;100.0;360.0;4.8;0.2;79.0;""
"Rurki z kremem czekoladowym";"Bonitki";280.0;100.0;506.0;5.6;25.0;63.0;"Dane z opakowania"
"Ryba po grecku";"Seko";0.0;100.0;99.0;4.5;4.5;9.6;""
"Ryba po grecku - [Marinero]";"Marinero";500.0;100.0;151.0;8.1;10.0;7.1;"link: https://www.tabele-kalorii.pl/kalorie,Ryba-po-grecku-Marinero.html"
"Ryba po hawajsku";"Seko";0.0;100.0;154.0;8.4;7.8;12.0;""
"Ryż ugotowany";"";0.0;100.0;112.8;2.36;0.28;25.06;""
"Rzodkiew";"";0.0;100.0;16.0;1.0;0.0;3.0;""
"Sałata";"";0.0;100.0;13.0;1.4;0.2;1.1;""
"Sałatka z ogórka z oliwą i octem";"Domowa";0.0;100.0;43.59;0.83;2.79;3.77;"/www.tabele-kalorii.pl/kalorie,Salatka-z-ogorka-z-oliwa-i-octem-Przepis-od-ufaye.html"
"Sałatka z tuńczykiem, jajkiem i kukurydzą";"domowa";0.0;100.0;111.09;8.43;4.44;9.23;"Link: https://www.tabele-kalorii.pl/kalorie,Salatka-z-tunczykiem-jajkiem-i-kukurydza-Przepis-od-hrumpek.html"
"Schab wędzony na wiśniowo";"Kraina Wędlin";250.0;100.0;102.0;18.0;2.4;2.0;""
"Ser do naleśników";"domowe";0.0;100.0;165.17;14.23;3.03;19.96;"/www.tabele-kalorii.pl/kalorie,Ser-do-nalesnikow-Przepis-od-doopek.html"
"Ser Gouda";"Światowid";400.0;100.0;334.0;25.0;26.0;0.0;""
"Ser królewski";"Sierpc";0.0;100.0;352.0;26.0;27.0;1.2;""
"Ser Liliput";"Światowid";350.0;100.0;343.0;25.0;27.0;0.0;""
"Ser morski";"Światowid";0.0;100.0;321.0;24.0;25.0;0.0;""
"Ser Podlaski w plastrach";"Światowid";300.0;100.0;347.0;26.0;27.0;0.0;""
"Ser Salami";"Światowd";0.0;100.0;298.0;25.0;22.0;0.0;""
"Serek - śmietankowy z ziołami - do smarowania";"Piątnica";135.0;100.0;243.0;6.0;23.0;3.0;""
"Serek Almette z chrzanem";"Hochland";150.0;100.0;250.0;6.8;23.0;4.0;""
"Serek Łaciaty z czosnkiem";"Łaciaty";150.0;100.0;250.0;5.8;23.0;4.9;"Link: https://www.tabele-kalorii.pl/kalorie,Serek-Laciaty-z-czosnkiem-Laciaty.html"
"Serek wiejski";"Koło";200.0;100.0;97.0;11.0;6.0;2.7;"Opakowanie ma - 200g"
"Sezamki classic";"Bonitki";81.0;100.0;527.0;11.0;29.0;53.0;"Jedno opakowanie 81g - ma 3 mniejsze opakowania po - 27g"
"Shake o smaku truskawkowym duży";"McDonalds";200.0;100.0;117.0;3.0;2.1;21.0;"Dane z pdfu w projekcie"
"Skyr - z truskawkami";"Piątnica";150.0;100.0;82.0;9.6;0.0;11.0;""
"Skyr waniliowy";"Piątnica";450.0;100.0;82.0;9.6;0.0;11.0;""
"Skyr z truskawkami";"Mlekovita";500.0;100.0;72.0;10.0;0.0;8.0;"/www.tabele-kalorii.pl/kalorie,Skyr-jogurt-typu-islandzkiego-z-truskawkami-Mlekovita.html"
"Śledź smażony";"Domowe";0.0;100.0;222.0;14.73;14.63;7.98;"/www.tabele-kalorii.pl/kalorie,Sledzie-swieze-smazone-Przepis-od-zabczykowna.html"
"Śliwka suszona";"Owoce suszone";0.0;100.0;294.0;3.4;3.2;58.3;"/www.tabele-kalorii.pl/kalorie,Sliwka-suszona-Helio.html"
"Śliwki";"owoce";0.0;100.0;46.0;0.7;0.3;10.0;"Link: https://www.tabele-kalorii.pl/kalorie,Sliwki.html"
"Smażone ziemniaki z warzywami";"domowe";0.0;100.0;171.0;1.7;11.8;15.6;"Link: https://tools.myfooddata.com/nutrition-facts/787077/100g/1"
"Śmietana 12%";"Mleczna Dolina";330.0;100.0;137.0;3.0;12.0;4.3;""
"Śmietana 18%";"Mleczna Dolina";330.0;100.0;186.0;2.5;18.0;3.6;""
"Sok Cytryna limonka";"Hortex";1000.0;100.0;45.0;0.0;0.0;11.2;""
"Sok jabłkowy";"Riviva";1000.0;100.0;42.0;0.1;0.1;10.2;"Link: https://www.tabele-kalorii.pl/kalorie,Sok-jablkowy-Riviva.html"
"Sok jabłkowy 100%";"Cappy";1000.0;100.0;47.0;0.0;0.0;11.3;"Link: https://www.tabele-kalorii.pl/kalorie,Sok-jablkowy-100-Cappy.html"
"Sok Multiwitamina Metabolizm";"Dr. Witt";1000.0;100.0;20.0;0.0;0.0;4.9;"Link: https://drwitt.pl/produkty/napoje-funkcjonalne/metabolizm-multiwitamina-cynk-8-witamin/#"
"Sok Multiwitamina Witalność";"Dr. Witt";1000.0;100.0;20.0;0.0;0.0;4.9;""
"Sok pomarańczowy 100%";"Cappy";0.0;100.0;42.0;0.7;0.0;8.7;""
"Sos 1000 wysp";"Madero";410.0;100.0;271.0;0.7;25.0;11.0;""
"Sos boloński domowy";"";0.0;100.0;57.63;7.99;1.47;3.1;""
"Sos czosnkowy";"Madero";410.0;100.0;334.0;1.0;32.0;8.6;""
"Sos do makaronu z papryką";"Pudliszki";500.0;100.0;57.0;1.2;1.0;10.2;""
"Sos do makaronu z pieczarkami";"Pudliszki";500.0;100.0;55.0;1.4;1.0;9.5;""
"Spaghetti bolognese - domowe";"domowe";0.0;100.0;172.14;9.77;9.02;13.1;"Link: https://www.tabele-kalorii.pl/kalorie,Spaghetti-bolognese-Przepis-od-zoe-87.html"
"Sprite";"The Coca-Cola Company";0.0;100.0;37.0;0.0;0.0;9.0;"/online.makro.pl/shop/pv/BTY-X337449/0032/0022/Sprite-FS-Nap%C3%B3j-gazowany-850-ml-12-sztuk"
"Sprite zero";"The Coca-Cola Company";0.0;100.0;1.0;0.0;0.0;0.0;"Dane z opakowania"
"Stołowy sos hamburger pomidorowo-jogurtowy";"Madero";410.0;100.0;265.0;1.7;23.0;11.0;"/zakupy.biedronka.pl/madero-madero-stolowy-sos-hamburger-pomidorowo-jogurtowy-410-g-0000003350.html"
"Surimi - paluszki";"Vici";250.0;100.0;112.0;8.2;3.2;13.2;""
"Sushi wegetariańskie";"";0.0;100.0;170.0;3.6;2.2;35.2;"https://dietly.pl/blog/sushi-kcal-ile-kalorii-ma-sushi?srsltid=AfmBOor1giNPJbr5dCZcjMC5fo71H8JQMdhup5Y5Q0l7K-Dl6OrQMnQ5"
"Syrop klonowy";"Maple Joe";250.0;100.0;268.0;0.0;0.0;67.0;"Dane z opakowania"
"Szprot w pomidorach";"Graal";300.0;100.0;108.0;11.8;4.3;5.6;""
"Szynka drobiowa";"";0.0;100.0;479.0;19.0;1.9;4.9;"Ogólny produkt bazujący na firmie - Tarczyński"
"Szynka wieprzowa";"";0.0;100.0;136.0;20.5;5.41;0.0;"Produkt ogólny"
"Szynka z indyka - Pyszny indyk";"Pyszny indyk";570.0;100.0;107.0;13.0;4.9;3.2;"/www.tabele-kalorii.pl/kalorie,Szynka-z-indyka-Pyszny-indyk.html"
"Tort czekoladowy - urodzinowy";"";0.0;100.0;410.0;17.0;22.9;58.0;"Link: https://www.tabele-kalorii.pl/kalorie,Tort-czekoladowy.html"
"Tost maślany";"Pano";500.0;100.0;267.0;8.6;3.2;50.0;""
"Tost pszenny";"PANO";500.0;100.0;244.0;7.8;1.4;49.0;""
"Truskawki";"owoce";0.0;100.0;29.0;0.61;0.37;4.71;"Link: https://www.tabele-kalorii.pl/kalorie,Truskawki.html"
"Tuńczyk kawałki w sosie własnym";"Marinero";130.0;100.0;75.0;17.0;0.5;0.5;"Opakowanie ma - 130"
"Turecki borek ze szpinakiem i serem";"Biedronka";75.0;100.0;287.0;6.2;16.0;28.0;"/zakupy.biedronka.pl/biedronka-turecki-borek-ze-szpinakiem-i-serem-75-g-0000009559.html"
"Twaróg Delikatny rzodkiewka";"President";350.0;100.0;132.0;5.8;10.0;4.5;""
"Twaróg Delikatny z pomidorami";"President";150.0;100.0;111.0;8.2;7.0;3.7;""
"Twaróg Delikatny z ziołami";"President";150.0;100.0;113.0;7.8;7.0;4.2;""
"Twaróg Delikatny ze szczypiorkiem";"President";150.0;100.0;87.0;9.0;4.0;2.7;""
"Twaróg Klinek - chudy";"Delikate";250.0;100.0;85.0;16.0;0.3;4.5;""
"Twaróg Klinek - półtłusty ";"Delikate";250.0;100.0;111.0;16.0;3.5;3.8;""
"Twaróg Sernikowy";"PRESIDENT";1000.0;100.0;92.0;9.7;4.0;4.2;""
"Twaróg solankowy";"";0.0;100.0;155.0;15.0;8.5;4.5;"/www.tabele-kalorii.pl/kalorie,Twarog-solankowy-Jana.html"
"Twaróg z pomidorami - domowy";"domowe";0.0;100.0;78.74;10.09;2.38;4.33;"Link: https://www.tabele-kalorii.pl/kalorie,Twarog-z-pomidorami-Przepis-od-altmer.html"
"Twist pitny - truskawka";"Bakoma";370.0;100.0;68.0;2.7;1.6;10.6;""
"Twój Smak Serek śmietankowy naturalny";"Piątnica";200.0;100.0;243.0;6.0;23.0;3.0;"Link: https://www.tabele-kalorii.pl/kalorie,Twoj-Smak-Serek-smietankowy-naturalny-Piatnica.html"
"Twój Smak serek śmietankowy z czosnkiem";"Piątnica";125.0;100.0;239.0;6.0;22.0;4.3;"/www.tabele-kalorii.pl/kalorie,Twoj-Smak-serek-smietankowy-z-czosnkiem-Piatnica.html"
"Udka z kurczaka";"Domowe";0.0;100.0;250.0;22.5;7.5;0.0;"/dietly.pl/blog/udko-z-kurczaka-kcal-jaka-jest-kalorycznosc-miesa-z-kurczaka"
"Udo z kurczaka ze skórą - gotowane";"";0.0;100.0;136.0;15.0;9.0;0.0;"Domowa potrawa"
"Wafle ryżowe w czekoladzie mlecznej";"SONKO";65.0;100.0;475.0;8.0;19.6;65.3;""
"Wątróbka drobiowa smażona";"";0.0;100.0;259.0;17.6;19.5;4.0;""
"Wiejskie filety śledzione z cebulką";"Marinero";474.0;100.0;195.0;9.9;12.7;10.0;"Dane z opakowania"
"Winogrona";"Owoce";0.0;100.0;70.0;0.72;0.16;17.2;""
"Wiśnie";"owoce";0.0;100.0;60.0;1.1;0.2;14.0;"/www.tabele-kalorii.pl/kalorie,Wisnie.html"
"Zapiekanka z pieczarkami i serem mozzarella";"Carrefour Classic";236.0;100.0;227.0;11.0;5.9;31.0;""
"Zapiekanka z szynką";"Carrefour Classic";256.0;100.0;215.0;11.0;5.9;28.0;""
"Zapiekaron Cheesy Margherita";"Pizza Hut";310.0;100.0;190.0;8.4;9.2;17.7;"Dane z pdfu w projekcie"
"Ziemniaki - gotowane";"";0.0;100.0;70.0;1.6;0.0;17.0;"0.8"
"Ziemniaki smażone";"Domowe";0.0;100.0;113.61;2.08;3.02;19.46;""
"Ziemniaki ugotowane";"None";0.0;100.0;70.0;1.6;0.0;17.0;""
"Zinger";"KFC";179.0;100.0;270.0;13.7;13.7;22.7;"Link: https://www.tabele-kalorii.pl/kalorie,Kanapka-Zinger-KFC.html"
"Zott Monte Mega Deser z Czekolada i Orzechami Laskowymi";"Zott Monte";400.0;100.0;183.0;2.6;12.2;15.5;"13.60"
"Zupa błyskawiczna - Gulaszowa";"Amino";0.0;100.0;72.0;1.4;3.3;8.5;"/www.carrefour.pl/artykuly-spozywcze/konserwy-i-dania-gotowe/zupy/amino-zupa-blyskawiczna-gulaszowa-z-wieprzowina-i-papryka-59-g"
"Zupa błyskawiczna - Pomidorowa";"AMINO";61.0;100.0;73.0;1.4;3.2;9.2;"Opakowanie pozwala na przygotowanie 1 porcji - 400 ml"
"Zupa błyskawiczna - Rosół";"Amino";58.0;100.0;61.0;1.2;2.7;7.9;"Opakowanie pozwala na przygotowanie 1 porcji - 400 ml"
"Zupa Nudle Ser w ziołach";"Knorr";61.0;100.0;94.0;1.8;4.8;10.0;"Opakowanie pozwala na przygotowanie 350g produktu"
"Zupa pomidorowa z ryżem domowa";"domowe";0.0;100.0;38.0;1.4;1.8;3.9;"Link: https://www.tabele-kalorii.pl/kalorie,Zupa-pomidorowa-z-ryzem-domowa.html"
"Zupka  - Barszcz Czerwony";"Amino";69.0;100.0;70.0;1.0;3.0;9.0;"Opakowanie pozwala na przygotowanie 1 porcji - 400 ml"
"Zupka błyskawiczna grzybowa";"Amino";57.0;100.0;70.0;1.2;3.2;8.6;"Opakowanie pozwala na przygotowanie 1 porcji - 400ml"
"Żurawina suszona";"Makar";500.0;100.0;342.0;0.3;0.5;84.0;"/www.tabele-kalorii.pl/kalorie,Zurawina-suszona-Makar.html"
